observationID,mediaID,sequenceID,observationType,cameraSetup,taxonID,scientificName,count,countNew,lifeStage,sex,behaviour,individualID,classificationMethod,classifiedBy,classificationTimestamp,classificationConfidence,comments,_id
ef2f7140-ae97-4b44-8309-ab1ffbc02879:1,3e65dfaa-b239-4834-b809-2bc1b06e26cc,,unknown,FALSE,,,,,,,,,human,,,,,
ef2f7140-ae97-4b44-8309-ab1ffbc02879:2,dbfba6c1-ec77-4048-9b3b-aac3ace43c24,,unknown,FALSE,,,,,,,,,human,,,,,
ef2f7140-ae97-4b44-8309-ab1ffbc02879:3,006d72c5-dcbc-4e7f-ac29-e6ca1644693f,,unknown,FALSE,,,,,,,,,human,,,,,
ef2f7140-ae97-4b44-8309-ab1ffbc02879:4,d7fde0a6-8b6f-41a5-be4a-ef3950aef757,,unknown,FALSE,,,,,,,,,human,,,,,
ef2f7140-ae97-4b44-8309-ab1ffbc02879:5,0b2b5fb0-6220-4679-9b10-2b98d4ab866e,,unknown,FALSE,,,,,,,,,human,,,,,
ef2f7140-ae97-4b44-8309-ab1ffbc02879:6,402bd5dd-da18-4403-a729-010197ed1214,,unknown,FALSE,,,,,,,,,human,,,,,
ef2f7140-ae97-4b44-8309-ab1ffbc02879:7,6f506725-fa9b-4cbf-9c81-d9aa77d7c592,,unknown,FALSE,,,,,,,,,human,,,,,
ef2f7140-ae97-4b44-8309-ab1ffbc02879:8,1f76ae45-2422-4fae-a479-a2f1163d5230,,unknown,FALSE,,,,,,,,,human,,,,,
ef2f7140-ae97-4b44-8309-ab1ffbc02879:9,6fb5e4ca-ccb1-4358-8e24-7135a9aa2417,,unknown,FALSE,,,,,,,,,human,,,,,
ef2f7140-ae97-4b44-8309-ab1ffbc02879:10,2fd956b5-f215-49a7-ae79-eb902216c044,,unknown,FALSE,,,,,,,,,human,,,,,
68686a75-ad44-4676-b45e-2b85f60e4d11:11,0ca1bfc7-f5f4-4bd4-91b6-6e0b02399cbf,,blank,FALSE,,,,,,,,,human,,,,,
68686a75-ad44-4676-b45e-2b85f60e4d11:12,fa6d8b73-c37a-42e9-8346-c0e26e1a5195,,blank,FALSE,,,,,,,,,human,,,,,
68686a75-ad44-4676-b45e-2b85f60e4d11:13,3798e2c5-9191-4980-97e0-dea9e271e97f,,blank,FALSE,,,,,,,,,human,,,,,
68686a75-ad44-4676-b45e-2b85f60e4d11:14,be890542-6845-4c24-aefb-d29ac08e1ebb,,blank,FALSE,,,,,,,,,human,,,,,
68686a75-ad44-4676-b45e-2b85f60e4d11:15,57214693-88a3-4449-b4e9-913656b74ea7,,blank,FALSE,,,,,,,,,human,,,,,
68686a75-ad44-4676-b45e-2b85f60e4d11:16,d32e790c-a3c8-444a-b733-94505e3150ee,,blank,FALSE,,,,,,,,,human,,,,,
68686a75-ad44-4676-b45e-2b85f60e4d11:17,1df7ff8a-bde1-4c9a-884e-687b347132c3,,blank,FALSE,,,,,,,,,human,,,,,
68686a75-ad44-4676-b45e-2b85f60e4d11:18,ccab7c7d-fbd6-451d-ae07-9ad0f46cc26b,,blank,FALSE,,,,,,,,,human,,,,,
68686a75-ad44-4676-b45e-2b85f60e4d11:19,fb19a8b7-1c7a-43dc-9173-1c1481bc7903,,blank,FALSE,,,,,,,,,human,,,,,
68686a75-ad44-4676-b45e-2b85f60e4d11:20,3b11a509-ca8e-4b93-b295-85a52daddf74,,blank,FALSE,,,,,,,,,human,,,,,
3d065f23-426a-449b-8693-f3c6b2ac9c7a:21,8263e85b-786a-4f62-9817-d54fb1dafb5d,,animal,FALSE,DGPL,Anas strepera,4,,subadult,unknown,,,human,Danny Van der beeck,2020-08-17T06:57:28Z,,,
3d065f23-426a-449b-8693-f3c6b2ac9c7a:22,cf97e186-9679-4cd9-95fa-dfa50d8003cc,,animal,FALSE,DGPL,Anas strepera,4,,subadult,unknown,,,human,Danny Van der beeck,2020-08-17T06:57:28Z,,,
3d065f23-426a-449b-8693-f3c6b2ac9c7a:23,969ee7eb-6bd1-41b5-ac69-cd957e819f75,,animal,FALSE,DGPL,Anas strepera,4,,subadult,unknown,,,human,Danny Van der beeck,2020-08-17T06:57:28Z,,,
3d065f23-426a-449b-8693-f3c6b2ac9c7a:24,2f80c542-7c7c-490f-a34b-297029f52a9b,,animal,FALSE,DGPL,Anas strepera,4,,subadult,unknown,,,human,Danny Van der beeck,2020-08-17T06:57:28Z,,,
3d065f23-426a-449b-8693-f3c6b2ac9c7a:25,a67541cf-0769-44ca-9af1-853298cc7580,,animal,FALSE,DGPL,Anas strepera,4,,subadult,unknown,,,human,Danny Van der beeck,2020-08-17T06:57:28Z,,,
3d065f23-426a-449b-8693-f3c6b2ac9c7a:26,00c300dc-68dc-4ad6-ac48-57a765794cc6,,animal,FALSE,DGPL,Anas strepera,4,,subadult,unknown,,,human,Danny Van der beeck,2020-08-17T06:57:28Z,,,
3d065f23-426a-449b-8693-f3c6b2ac9c7a:27,e5a7fafa-ce79-4a57-82f3-2f9e4e35f1a9,,animal,FALSE,DGPL,Anas strepera,4,,subadult,unknown,,,human,Danny Van der beeck,2020-08-17T06:57:28Z,,,
3d065f23-426a-449b-8693-f3c6b2ac9c7a:28,465e0790-4e14-4169-ab82-3da2cd59ff9f,,animal,FALSE,DGPL,Anas strepera,4,,subadult,unknown,,,human,Danny Van der beeck,2020-08-17T06:57:28Z,,,
3d065f23-426a-449b-8693-f3c6b2ac9c7a:29,a3d8e093-2471-4a5c-bc77-20618e641dd3,,animal,FALSE,DGPL,Anas strepera,4,,subadult,unknown,,,human,Danny Van der beeck,2020-08-17T06:57:28Z,,,
3d065f23-426a-449b-8693-f3c6b2ac9c7a:30,9aa6b614-d598-44f1-b953-559bc00d1d84,,animal,FALSE,DGPL,Anas strepera,4,,subadult,unknown,,,human,Danny Van der beeck,2020-08-17T06:57:28Z,,,
1fa8b00a-8f0e-485e-b98e-eb9bb1ee5a9f:31,6ef7e463-b487-4882-a705-2f0634949531,,animal,FALSE,DGPL,Anas strepera,1,,adult,female,,,human,Danny Van der beeck,2020-08-17T06:57:50Z,,,
1fa8b00a-8f0e-485e-b98e-eb9bb1ee5a9f:32,9daa27f6-c369-48a5-8ee4-42009111a96f,,animal,FALSE,DGPL,Anas strepera,1,,adult,female,,,human,Danny Van der beeck,2020-08-17T06:57:50Z,,,
1fa8b00a-8f0e-485e-b98e-eb9bb1ee5a9f:33,d6de3d71-2c18-457f-9ef9-40c9118c52d7,,animal,FALSE,DGPL,Anas strepera,1,,adult,female,,,human,Danny Van der beeck,2020-08-17T06:57:50Z,,,
1fa8b00a-8f0e-485e-b98e-eb9bb1ee5a9f:34,1e381a4f-25bd-46b6-ac26-5b8616f361bf,,animal,FALSE,DGPL,Anas strepera,1,,adult,female,,,human,Danny Van der beeck,2020-08-17T06:57:50Z,,,
1fa8b00a-8f0e-485e-b98e-eb9bb1ee5a9f:35,d1d5db8f-3a59-42b7-9ee3-d06ca489ba1c,,animal,FALSE,DGPL,Anas strepera,1,,adult,female,,,human,Danny Van der beeck,2020-08-17T06:57:50Z,,,
1fa8b00a-8f0e-485e-b98e-eb9bb1ee5a9f:36,7206f7aa-89d1-477d-b528-9dc53c01af0d,,animal,FALSE,DGPL,Anas strepera,1,,adult,female,,,human,Danny Van der beeck,2020-08-17T06:57:50Z,,,
1fa8b00a-8f0e-485e-b98e-eb9bb1ee5a9f:37,4c6b5b3b-2b95-4480-954f-21f2b10c6206,,animal,FALSE,DGPL,Anas strepera,1,,adult,female,,,human,Danny Van der beeck,2020-08-17T06:57:50Z,,,
1fa8b00a-8f0e-485e-b98e-eb9bb1ee5a9f:38,c953bbdb-2c13-4d3a-ad6c-c320ff3f61bb,,animal,FALSE,DGPL,Anas strepera,1,,adult,female,,,human,Danny Van der beeck,2020-08-17T06:57:50Z,,,
1fa8b00a-8f0e-485e-b98e-eb9bb1ee5a9f:39,9fb67f43-2a62-4259-8623-a6e22394b157,,animal,FALSE,DGPL,Anas strepera,1,,adult,female,,,human,Danny Van der beeck,2020-08-17T06:57:50Z,,,
1fa8b00a-8f0e-485e-b98e-eb9bb1ee5a9f:40,d432ab6f-38a6-4336-9358-8bc630139f92,,animal,FALSE,DGPL,Anas strepera,1,,adult,female,,,human,Danny Van der beeck,2020-08-17T06:57:50Z,,,
e57d97b3-f15b-48f5-a86c-477952bf8b7a:41,58a41680-8f1f-4751-bda6-a6fa86d9ed7c,,animal,FALSE,DGP6,Anas platyrhynchos,2,,unknown,unknown,,,human,Danny Van der beeck,2020-08-17T07:03:19Z,,,
e57d97b3-f15b-48f5-a86c-477952bf8b7a:42,b84bcd80-5d00-46b9-b3c3-f1e6282d2e53,,animal,FALSE,DGP6,Anas platyrhynchos,2,,unknown,unknown,,,human,Danny Van der beeck,2020-08-17T07:03:19Z,,,
e57d97b3-f15b-48f5-a86c-477952bf8b7a:43,81d1219e-3cdf-46cf-99d9-ffc3f4214c2d,,animal,FALSE,DGP6,Anas platyrhynchos,2,,unknown,unknown,,,human,Danny Van der beeck,2020-08-17T07:03:19Z,,,
e57d97b3-f15b-48f5-a86c-477952bf8b7a:44,85e5cd57-989e-4a7c-882b-3185f0017280,,animal,FALSE,DGP6,Anas platyrhynchos,2,,unknown,unknown,,,human,Danny Van der beeck,2020-08-17T07:03:19Z,,,
e57d97b3-f15b-48f5-a86c-477952bf8b7a:45,020dbfe0-148b-443c-8a4b-7919e3323fa3,,animal,FALSE,DGP6,Anas platyrhynchos,2,,unknown,unknown,,,human,Danny Van der beeck,2020-08-17T07:03:19Z,,,
e57d97b3-f15b-48f5-a86c-477952bf8b7a:46,fb144e45-cdeb-4e67-88af-f2956d87d930,,animal,FALSE,DGP6,Anas platyrhynchos,2,,unknown,unknown,,,human,Danny Van der beeck,2020-08-17T07:03:19Z,,,
e57d97b3-f15b-48f5-a86c-477952bf8b7a:47,fb6eb723-869f-47eb-9ddd-8cca98228bbf,,animal,FALSE,DGP6,Anas platyrhynchos,2,,unknown,unknown,,,human,Danny Van der beeck,2020-08-17T07:03:19Z,,,
e57d97b3-f15b-48f5-a86c-477952bf8b7a:48,7aaee7d3-d946-465f-99b0-7b4cdf19aff1,,animal,FALSE,DGP6,Anas platyrhynchos,2,,unknown,unknown,,,human,Danny Van der beeck,2020-08-17T07:03:19Z,,,
e57d97b3-f15b-48f5-a86c-477952bf8b7a:49,987e1ab4-5e2a-4d2f-86a8-6615f0346079,,animal,FALSE,DGP6,Anas platyrhynchos,2,,unknown,unknown,,,human,Danny Van der beeck,2020-08-17T07:03:19Z,,,
e57d97b3-f15b-48f5-a86c-477952bf8b7a:50,778315fe-c62d-4a7f-96fc-5eea5d4377ac,,animal,FALSE,DGP6,Anas platyrhynchos,2,,unknown,unknown,,,human,Danny Van der beeck,2020-08-17T07:03:19Z,,,
f5707f70-c264-4f81-9e2f-06d55ad23d37:51,b9da91c2-3dbc-42b8-a495-06b234f60670,,animal,FALSE,DGP6,Anas platyrhynchos,5,,subadult,unknown,,,human,Danny Van der beeck,2020-08-18T21:09:30Z,,,
f5707f70-c264-4f81-9e2f-06d55ad23d37:52,1b2d3e73-b95e-4217-90a1-4c45a75b00fe,,animal,FALSE,DGP6,Anas platyrhynchos,5,,subadult,unknown,,,human,Danny Van der beeck,2020-08-18T21:09:30Z,,,
f5707f70-c264-4f81-9e2f-06d55ad23d37:53,da6db024-ce23-4438-9470-f7417cb9da76,,animal,FALSE,DGP6,Anas platyrhynchos,5,,subadult,unknown,,,human,Danny Van der beeck,2020-08-18T21:09:30Z,,,
f5707f70-c264-4f81-9e2f-06d55ad23d37:54,4a4c3a2e-39fc-4cb0-a650-810e5c904475,,animal,FALSE,DGP6,Anas platyrhynchos,5,,subadult,unknown,,,human,Danny Van der beeck,2020-08-18T21:09:30Z,,,
f5707f70-c264-4f81-9e2f-06d55ad23d37:55,59b38bc6-c0c9-4917-b924-c135d1cd4fe1,,animal,FALSE,DGP6,Anas platyrhynchos,5,,subadult,unknown,,,human,Danny Van der beeck,2020-08-18T21:09:30Z,,,
f5707f70-c264-4f81-9e2f-06d55ad23d37:56,108f94c9-dbe6-49a5-a2f8-e76934ab0d8f,,animal,FALSE,DGP6,Anas platyrhynchos,5,,subadult,unknown,,,human,Danny Van der beeck,2020-08-18T21:09:30Z,,,
f5707f70-c264-4f81-9e2f-06d55ad23d37:57,cc50edaa-ec7d-4c1e-900c-8885e279f9dd,,animal,FALSE,DGP6,Anas platyrhynchos,5,,subadult,unknown,,,human,Danny Van der beeck,2020-08-18T21:09:30Z,,,
f5707f70-c264-4f81-9e2f-06d55ad23d37:58,cb2cf96f-7ed0-42da-9ded-5fd99ef85cc1,,animal,FALSE,DGP6,Anas platyrhynchos,5,,subadult,unknown,,,human,Danny Van der beeck,2020-08-18T21:09:30Z,,,
f5707f70-c264-4f81-9e2f-06d55ad23d37:59,0966e552-2b23-4a2a-a21f-8602bdfbf766,,animal,FALSE,DGP6,Anas platyrhynchos,5,,subadult,unknown,,,human,Danny Van der beeck,2020-08-18T21:09:30Z,,,
f5707f70-c264-4f81-9e2f-06d55ad23d37:60,b6ff482b-32a5-43f0-aa03-84dfed50a290,,animal,FALSE,DGP6,Anas platyrhynchos,5,,subadult,unknown,,,human,Danny Van der beeck,2020-08-18T21:09:30Z,,,
f5707f70-c264-4f81-9e2f-06d55ad23d37:61,89e33664-eb70-412f-97a4-8d830b820f46,,animal,FALSE,DGP6,Anas platyrhynchos,5,,subadult,unknown,,,human,Danny Van der beeck,2020-08-18T21:09:30Z,,,
f5707f70-c264-4f81-9e2f-06d55ad23d37:62,bba70d2c-6c19-4be9-91ec-25399d243d51,,animal,FALSE,DGP6,Anas platyrhynchos,5,,subadult,unknown,,,human,Danny Van der beeck,2020-08-18T21:09:30Z,,,
f5707f70-c264-4f81-9e2f-06d55ad23d37:63,3cd5626b-3b13-4fa1-a1f9-762d6a838b16,,animal,FALSE,DGP6,Anas platyrhynchos,5,,subadult,unknown,,,human,Danny Van der beeck,2020-08-18T21:09:30Z,,,
f5707f70-c264-4f81-9e2f-06d55ad23d37:64,b3c59481-3869-4e91-a593-b2bbe8b8770c,,animal,FALSE,DGP6,Anas platyrhynchos,5,,subadult,unknown,,,human,Danny Van der beeck,2020-08-18T21:09:30Z,,,
f5707f70-c264-4f81-9e2f-06d55ad23d37:65,f47cdfd8-3bae-4c17-8b1e-9b56a7e55e00,,animal,FALSE,DGP6,Anas platyrhynchos,5,,subadult,unknown,,,human,Danny Van der beeck,2020-08-18T21:09:30Z,,,
f5707f70-c264-4f81-9e2f-06d55ad23d37:66,559ec9a8-b481-481e-98bc-2f97f6e5a1b5,,animal,FALSE,DGP6,Anas platyrhynchos,5,,subadult,unknown,,,human,Danny Van der beeck,2020-08-18T21:09:30Z,,,
f5707f70-c264-4f81-9e2f-06d55ad23d37:67,48a94186-d7db-427b-b6af-6b18eba825e9,,animal,FALSE,DGP6,Anas platyrhynchos,5,,subadult,unknown,,,human,Danny Van der beeck,2020-08-18T21:09:30Z,,,
f5707f70-c264-4f81-9e2f-06d55ad23d37:68,47e7bc9f-2d50-4b7c-b586-d6e314956a58,,animal,FALSE,DGP6,Anas platyrhynchos,5,,subadult,unknown,,,human,Danny Van der beeck,2020-08-18T21:09:30Z,,,
f5707f70-c264-4f81-9e2f-06d55ad23d37:69,2adb0dde-61ed-4994-b7ad-1f29dbf8ed4b,,animal,FALSE,DGP6,Anas platyrhynchos,5,,subadult,unknown,,,human,Danny Van der beeck,2020-08-18T21:09:30Z,,,
f5707f70-c264-4f81-9e2f-06d55ad23d37:70,80ba0e0b-bbf5-46e4-bdf6-78b90fa876ad,,animal,FALSE,DGP6,Anas platyrhynchos,5,,subadult,unknown,,,human,Danny Van der beeck,2020-08-18T21:09:30Z,,,
f5707f70-c264-4f81-9e2f-06d55ad23d37:71,27c6cb3d-2c61-469d-8940-16d50ab272c2,,animal,FALSE,DGP6,Anas platyrhynchos,5,,subadult,unknown,,,human,Danny Van der beeck,2020-08-18T21:09:30Z,,,
f5707f70-c264-4f81-9e2f-06d55ad23d37:72,d32c67ed-09df-46c0-83e0-9aaa75303b6d,,animal,FALSE,DGP6,Anas platyrhynchos,5,,subadult,unknown,,,human,Danny Van der beeck,2020-08-18T21:09:30Z,,,
f5707f70-c264-4f81-9e2f-06d55ad23d37:73,be5d44fd-6d1b-454d-a0e9-7d07262f8372,,animal,FALSE,DGP6,Anas platyrhynchos,5,,subadult,unknown,,,human,Danny Van der beeck,2020-08-18T21:09:30Z,,,
f5707f70-c264-4f81-9e2f-06d55ad23d37:74,08b56231-4131-4dab-9894-55ae4ea46fc7,,animal,FALSE,DGP6,Anas platyrhynchos,5,,subadult,unknown,,,human,Danny Van der beeck,2020-08-18T21:09:30Z,,,
f5707f70-c264-4f81-9e2f-06d55ad23d37:75,ccb03b7e-d741-4d69-b5a4-36a1998c4372,,animal,FALSE,DGP6,Anas platyrhynchos,5,,subadult,unknown,,,human,Danny Van der beeck,2020-08-18T21:09:30Z,,,
f5707f70-c264-4f81-9e2f-06d55ad23d37:76,fbf8292b-3e46-4d09-a70f-65499ca75496,,animal,FALSE,DGP6,Anas platyrhynchos,5,,subadult,unknown,,,human,Danny Van der beeck,2020-08-18T21:09:30Z,,,
f5707f70-c264-4f81-9e2f-06d55ad23d37:77,5b71377d-abed-4d1e-ac25-9870a23b3e3d,,animal,FALSE,DGP6,Anas platyrhynchos,5,,subadult,unknown,,,human,Danny Van der beeck,2020-08-18T21:09:30Z,,,
f5707f70-c264-4f81-9e2f-06d55ad23d37:78,6c4db631-63db-4eca-8ca1-152a7f2bcc16,,animal,FALSE,DGP6,Anas platyrhynchos,5,,subadult,unknown,,,human,Danny Van der beeck,2020-08-18T21:09:30Z,,,
f5707f70-c264-4f81-9e2f-06d55ad23d37:79,a6a07d02-7817-4e7a-af80-4a1b9832a291,,animal,FALSE,DGP6,Anas platyrhynchos,5,,subadult,unknown,,,human,Danny Van der beeck,2020-08-18T21:09:30Z,,,
f5707f70-c264-4f81-9e2f-06d55ad23d37:80,73efdfb6-0d6c-49e8-8c17-8672b0b6700f,,animal,FALSE,DGP6,Anas platyrhynchos,5,,subadult,unknown,,,human,Danny Van der beeck,2020-08-18T21:09:30Z,,,
ccfa9680-f85f-41db-9760-445a19f5dbe7:81,dbe27f82-d136-4d4b-8d89-27145c0eef77,,animal,FALSE,DGP6,Anas platyrhynchos,3,,subadult,unknown,,,human,Danny Van der beeck,2020-08-18T21:10:06Z,,,
ccfa9680-f85f-41db-9760-445a19f5dbe7:82,9a14a118-92ad-4030-bc4b-cb78a16c2bdb,,animal,FALSE,DGP6,Anas platyrhynchos,3,,subadult,unknown,,,human,Danny Van der beeck,2020-08-18T21:10:06Z,,,
ccfa9680-f85f-41db-9760-445a19f5dbe7:83,4b414100-5b0f-46d8-b9be-823efff0c210,,animal,FALSE,DGP6,Anas platyrhynchos,3,,subadult,unknown,,,human,Danny Van der beeck,2020-08-18T21:10:06Z,,,
ccfa9680-f85f-41db-9760-445a19f5dbe7:84,fa90a9a6-cba5-4b1b-b467-9cc5a763548e,,animal,FALSE,DGP6,Anas platyrhynchos,3,,subadult,unknown,,,human,Danny Van der beeck,2020-08-18T21:10:06Z,,,
ccfa9680-f85f-41db-9760-445a19f5dbe7:85,1564e7e4-f828-4e2d-9b82-959378c6f2c9,,animal,FALSE,DGP6,Anas platyrhynchos,3,,subadult,unknown,,,human,Danny Van der beeck,2020-08-18T21:10:06Z,,,
ccfa9680-f85f-41db-9760-445a19f5dbe7:86,6578077a-1be5-4725-8c42-f84abe27b4cc,,animal,FALSE,DGP6,Anas platyrhynchos,3,,subadult,unknown,,,human,Danny Van der beeck,2020-08-18T21:10:06Z,,,
ccfa9680-f85f-41db-9760-445a19f5dbe7:87,eb0801ce-b313-43d5-811c-c094d661479f,,animal,FALSE,DGP6,Anas platyrhynchos,3,,subadult,unknown,,,human,Danny Van der beeck,2020-08-18T21:10:06Z,,,
ccfa9680-f85f-41db-9760-445a19f5dbe7:88,ef8b850b-32ca-47a6-a513-3b41909eae43,,animal,FALSE,DGP6,Anas platyrhynchos,3,,subadult,unknown,,,human,Danny Van der beeck,2020-08-18T21:10:06Z,,,
ccfa9680-f85f-41db-9760-445a19f5dbe7:89,da457b46-0d02-4713-afe8-657c1e9dbcbd,,animal,FALSE,DGP6,Anas platyrhynchos,3,,subadult,unknown,,,human,Danny Van der beeck,2020-08-18T21:10:06Z,,,
ccfa9680-f85f-41db-9760-445a19f5dbe7:90,5eaf82c8-f417-4f39-b862-0a785f69485a,,animal,FALSE,DGP6,Anas platyrhynchos,3,,subadult,unknown,,,human,Danny Van der beeck,2020-08-18T21:10:06Z,,,
1a32d481-ff36-4332-85ea-94423193936a:91,a961b9e3-b4b0-4775-8de7-f43f36a2e792,,animal,FALSE,DGP6,Anas platyrhynchos,3,,subadult,unknown,,,human,Danny Van der beeck,2020-08-18T21:10:40Z,,,
1a32d481-ff36-4332-85ea-94423193936a:92,1175ff4d-d6f6-4e16-bfc6-6793339d0635,,animal,FALSE,DGP6,Anas platyrhynchos,3,,subadult,unknown,,,human,Danny Van der beeck,2020-08-18T21:10:40Z,,,
1a32d481-ff36-4332-85ea-94423193936a:93,87867967-9555-4d50-8aa8-5d70b40c1494,,animal,FALSE,DGP6,Anas platyrhynchos,3,,subadult,unknown,,,human,Danny Van der beeck,2020-08-18T21:10:40Z,,,
1a32d481-ff36-4332-85ea-94423193936a:94,a413d1d3-3a27-494a-b19c-661be314c60a,,animal,FALSE,DGP6,Anas platyrhynchos,3,,subadult,unknown,,,human,Danny Van der beeck,2020-08-18T21:10:40Z,,,
1a32d481-ff36-4332-85ea-94423193936a:95,ed688d21-8d1c-47fa-9caf-862506d4e8d9,,animal,FALSE,DGP6,Anas platyrhynchos,3,,subadult,unknown,,,human,Danny Van der beeck,2020-08-18T21:10:40Z,,,
1a32d481-ff36-4332-85ea-94423193936a:96,cc337594-31b5-4c06-a28f-399d46df0740,,animal,FALSE,DGP6,Anas platyrhynchos,3,,subadult,unknown,,,human,Danny Van der beeck,2020-08-18T21:10:40Z,,,
1a32d481-ff36-4332-85ea-94423193936a:97,3bf07ad2-8f06-4d6b-b610-a7569024426e,,animal,FALSE,DGP6,Anas platyrhynchos,3,,subadult,unknown,,,human,Danny Van der beeck,2020-08-18T21:10:40Z,,,
1a32d481-ff36-4332-85ea-94423193936a:98,bdf0a9e8-e5e6-4487-b4bb-64c8de88070f,,animal,FALSE,DGP6,Anas platyrhynchos,3,,subadult,unknown,,,human,Danny Van der beeck,2020-08-18T21:10:40Z,,,
1a32d481-ff36-4332-85ea-94423193936a:99,7c5e4e07-bd98-4426-985e-e30d03e40acf,,animal,FALSE,DGP6,Anas platyrhynchos,3,,subadult,unknown,,,human,Danny Van der beeck,2020-08-18T21:10:40Z,,,
1a32d481-ff36-4332-85ea-94423193936a:100,745a7960-d94f-488e-a48b-a4d1dc4557fb,,animal,FALSE,DGP6,Anas platyrhynchos,3,,subadult,unknown,,,human,Danny Van der beeck,2020-08-18T21:10:40Z,,,
c60eb90d-ab45-4b5a-8e0c-72204fdf4c08:101,d6c62df3-5c9f-4dc8-b6ac-db3d7a4eba9c,,animal,FALSE,DGPL,Anas strepera,1,,subadult,unknown,,,human,Danny Van der beeck,2020-08-18T21:11:23Z,,,
c60eb90d-ab45-4b5a-8e0c-72204fdf4c08:102,64e03524-684b-460f-8e73-04ba098b26e4,,animal,FALSE,DGPL,Anas strepera,1,,subadult,unknown,,,human,Danny Van der beeck,2020-08-18T21:11:23Z,,,
c60eb90d-ab45-4b5a-8e0c-72204fdf4c08:103,b6de2aaf-b091-4710-9035-b87ee29aa9ac,,animal,FALSE,DGPL,Anas strepera,1,,subadult,unknown,,,human,Danny Van der beeck,2020-08-18T21:11:23Z,,,
c60eb90d-ab45-4b5a-8e0c-72204fdf4c08:104,6180f232-d684-4570-8661-9490a5f0e35b,,animal,FALSE,DGPL,Anas strepera,1,,subadult,unknown,,,human,Danny Van der beeck,2020-08-18T21:11:23Z,,,
c60eb90d-ab45-4b5a-8e0c-72204fdf4c08:105,6dc44acb-9909-4603-9021-1d79a7d9e0d5,,animal,FALSE,DGPL,Anas strepera,1,,subadult,unknown,,,human,Danny Van der beeck,2020-08-18T21:11:23Z,,,
c60eb90d-ab45-4b5a-8e0c-72204fdf4c08:106,e87af601-3d5f-45a4-aa86-c2183c08978c,,animal,FALSE,DGPL,Anas strepera,1,,subadult,unknown,,,human,Danny Van der beeck,2020-08-18T21:11:23Z,,,
c60eb90d-ab45-4b5a-8e0c-72204fdf4c08:107,4776e031-412a-4099-a5e1-163dec5f4fe7,,animal,FALSE,DGPL,Anas strepera,1,,subadult,unknown,,,human,Danny Van der beeck,2020-08-18T21:11:23Z,,,
c60eb90d-ab45-4b5a-8e0c-72204fdf4c08:108,b140bd0c-3689-417b-bd82-6ee791acc13b,,animal,FALSE,DGPL,Anas strepera,1,,subadult,unknown,,,human,Danny Van der beeck,2020-08-18T21:11:23Z,,,
c60eb90d-ab45-4b5a-8e0c-72204fdf4c08:109,9d0e655e-0b3a-4884-8078-79c997ca0cd2,,animal,FALSE,DGPL,Anas strepera,1,,subadult,unknown,,,human,Danny Van der beeck,2020-08-18T21:11:23Z,,,
c60eb90d-ab45-4b5a-8e0c-72204fdf4c08:110,7c304fdb-3b40-41d5-9bc1-a9fafb24071f,,animal,FALSE,DGPL,Anas strepera,1,,subadult,unknown,,,human,Danny Van der beeck,2020-08-18T21:11:23Z,,,
00d6726c-755a-46d2-b424-f0b4a3a6f26a:111,e9ccfa09-2419-408f-bdbb-def4f90c4c21,,unknown,FALSE,,,,,,,,,human,,,,,
00d6726c-755a-46d2-b424-f0b4a3a6f26a:112,b5781dba-e9ba-42b5-805e-625faefda565,,unknown,FALSE,,,,,,,,,human,,,,,
00d6726c-755a-46d2-b424-f0b4a3a6f26a:113,459dddf7-0b00-45d7-8020-15d7bbc7f667,,unknown,FALSE,,,,,,,,,human,,,,,
00d6726c-755a-46d2-b424-f0b4a3a6f26a:114,ecf09d2b-0e41-47db-983d-f8eb8be55a34,,unknown,FALSE,,,,,,,,,human,,,,,
00d6726c-755a-46d2-b424-f0b4a3a6f26a:115,36c14ad3-6db5-41e2-921b-adbfdf0e784b,,unknown,FALSE,,,,,,,,,human,,,,,
00d6726c-755a-46d2-b424-f0b4a3a6f26a:116,e61ffa75-87bc-4fe1-b74a-2505e86bbe8f,,unknown,FALSE,,,,,,,,,human,,,,,
00d6726c-755a-46d2-b424-f0b4a3a6f26a:117,76490dff-ea98-4a31-9512-67c2700a1af4,,unknown,FALSE,,,,,,,,,human,,,,,
00d6726c-755a-46d2-b424-f0b4a3a6f26a:118,f28ece39-6196-4854-8720-77961f009cb1,,unknown,FALSE,,,,,,,,,human,,,,,
00d6726c-755a-46d2-b424-f0b4a3a6f26a:119,832a486a-2ef3-4ed1-9e53-d95aba3a2a6b,,unknown,FALSE,,,,,,,,,human,,,,,
00d6726c-755a-46d2-b424-f0b4a3a6f26a:120,aaf4fd97-a6c6-465c-80cd-f3b2e99840ea,,unknown,FALSE,,,,,,,,,human,,,,,
0d3e96d8-d24d-476b-a76e-11bda9170f95:121,b42ddc97-9c08-4518-b6ac-34b0e63a0e50,,blank,FALSE,,,,,,,,,human,,,,,
7e29c71f-4bd3-441f-b711-127944d7b8e0:122,72a7147a-2742-4a2f-b33c-1344f16767d2,,blank,FALSE,,,,,,,,,human,,,,,
78a45ae5-992b-4324-8e1e-de1e63088269:123,44201e9e-7cfe-43d8-9c3e-551a0f40145d,,animal,FALSE,RQPW,Castor fiber,1,,adult,unknown,,,human,Danny Van der beeck,2020-08-11T21:18:16Z,,,
78a45ae5-992b-4324-8e1e-de1e63088269:124,4c8086c7-9b32-4ef1-b60f-8cb2d231f79f,,animal,FALSE,RQPW,Castor fiber,1,,adult,unknown,,,human,Danny Van der beeck,2020-08-11T21:18:16Z,,,
78a45ae5-992b-4324-8e1e-de1e63088269:125,aea55534-89fd-4c55-ab8e-21e000f344cb,,animal,FALSE,RQPW,Castor fiber,1,,adult,unknown,,,human,Danny Van der beeck,2020-08-11T21:18:16Z,,,
78a45ae5-992b-4324-8e1e-de1e63088269:126,7329cccb-3f1c-458e-9e97-3c10dbfa6598,,animal,FALSE,RQPW,Castor fiber,1,,adult,unknown,,,human,Danny Van der beeck,2020-08-11T21:18:16Z,,,
78a45ae5-992b-4324-8e1e-de1e63088269:127,46fb91af-5825-4a72-ae1d-a152e00aef43,,animal,FALSE,RQPW,Castor fiber,1,,adult,unknown,,,human,Danny Van der beeck,2020-08-11T21:18:16Z,,,
78a45ae5-992b-4324-8e1e-de1e63088269:128,8608b7ef-00e2-4585-acdf-86665f885a57,,animal,FALSE,RQPW,Castor fiber,1,,adult,unknown,,,human,Danny Van der beeck,2020-08-11T21:18:16Z,,,
78a45ae5-992b-4324-8e1e-de1e63088269:129,6709f244-9c70-4a77-ab16-b4d607425b59,,animal,FALSE,RQPW,Castor fiber,1,,adult,unknown,,,human,Danny Van der beeck,2020-08-11T21:18:16Z,,,
78a45ae5-992b-4324-8e1e-de1e63088269:130,d1f2810a-8814-4b1a-91b7-9c43f1b61581,,animal,FALSE,RQPW,Castor fiber,1,,adult,unknown,,,human,Danny Van der beeck,2020-08-11T21:18:16Z,,,
78a45ae5-992b-4324-8e1e-de1e63088269:131,fe0b0683-3e3d-4af9-b15f-65634930d178,,animal,FALSE,RQPW,Castor fiber,1,,adult,unknown,,,human,Danny Van der beeck,2020-08-11T21:18:16Z,,,
78a45ae5-992b-4324-8e1e-de1e63088269:132,a4a2edd4-c034-42ee-910b-9344990be7f8,,animal,FALSE,RQPW,Castor fiber,1,,adult,unknown,,,human,Danny Van der beeck,2020-08-11T21:18:16Z,,,
e622b65c-8e09-4e45-ba32-a4c1a6c29fc7:133,a8848796-07ce-40e5-95ec-c9436f7ed919,,animal,FALSE,44QYC,Mustela putorius,1,,adult,unknown,,,human,Danny Van der beeck,2020-08-11T21:18:45Z,,,
e622b65c-8e09-4e45-ba32-a4c1a6c29fc7:134,e470918a-4d8e-4601-8e46-dbb90da0ce66,,animal,FALSE,44QYC,Mustela putorius,1,,adult,unknown,,,human,Danny Van der beeck,2020-08-11T21:18:45Z,,,
e622b65c-8e09-4e45-ba32-a4c1a6c29fc7:135,5ff74dc7-ad0f-465f-8a24-7ab2e32e617d,,animal,FALSE,44QYC,Mustela putorius,1,,adult,unknown,,,human,Danny Van der beeck,2020-08-11T21:18:45Z,,,
e622b65c-8e09-4e45-ba32-a4c1a6c29fc7:136,27e8fb0c-f3ce-4453-92b5-6f4a3b1bca4d,,animal,FALSE,44QYC,Mustela putorius,1,,adult,unknown,,,human,Danny Van der beeck,2020-08-11T21:18:45Z,,,
e622b65c-8e09-4e45-ba32-a4c1a6c29fc7:137,9721100f-a512-4348-b050-5b4e8f568208,,animal,FALSE,44QYC,Mustela putorius,1,,adult,unknown,,,human,Danny Van der beeck,2020-08-11T21:18:45Z,,,
e622b65c-8e09-4e45-ba32-a4c1a6c29fc7:138,356cae2f-2c95-416e-85ca-1d32e4670f6a,,animal,FALSE,44QYC,Mustela putorius,1,,adult,unknown,,,human,Danny Van der beeck,2020-08-11T21:18:45Z,,,
e622b65c-8e09-4e45-ba32-a4c1a6c29fc7:139,0ec13e8a-1768-4d51-9be9-be810b0d9f82,,animal,FALSE,44QYC,Mustela putorius,1,,adult,unknown,,,human,Danny Van der beeck,2020-08-11T21:18:45Z,,,
e622b65c-8e09-4e45-ba32-a4c1a6c29fc7:140,fde2387d-6ca9-475f-bdf9-f37b1599ef40,,animal,FALSE,44QYC,Mustela putorius,1,,adult,unknown,,,human,Danny Van der beeck,2020-08-11T21:18:45Z,,,
e622b65c-8e09-4e45-ba32-a4c1a6c29fc7:141,e41c5c84-e8b3-4a7a-97ec-6bb9903e9286,,animal,FALSE,44QYC,Mustela putorius,1,,adult,unknown,,,human,Danny Van der beeck,2020-08-11T21:18:45Z,,,
e622b65c-8e09-4e45-ba32-a4c1a6c29fc7:142,1d268bc4-c1e5-4593-8844-6270ee93d1c5,,animal,FALSE,44QYC,Mustela putorius,1,,adult,unknown,,,human,Danny Van der beeck,2020-08-11T21:18:45Z,,,
fb662fab-d94e-490e-8b09-a617daab6383:143,91de8c9e-93a2-4828-afaf-e21370118402,,animal,FALSE,44QYC,Mustela putorius,1,,adult,unknown,,,human,Danny Van der beeck,2020-08-11T21:19:13Z,,,
fb662fab-d94e-490e-8b09-a617daab6383:144,7f0758ac-5f3c-4857-bfb7-9222c2414b34,,animal,FALSE,44QYC,Mustela putorius,1,,adult,unknown,,,human,Danny Van der beeck,2020-08-11T21:19:13Z,,,
fb662fab-d94e-490e-8b09-a617daab6383:145,7fc6cb24-9a1b-4cd2-a5a0-c89e6d67107f,,animal,FALSE,44QYC,Mustela putorius,1,,adult,unknown,,,human,Danny Van der beeck,2020-08-11T21:19:13Z,,,
fb662fab-d94e-490e-8b09-a617daab6383:146,a7471c68-30fb-4ca0-b21e-e83b54598298,,animal,FALSE,44QYC,Mustela putorius,1,,adult,unknown,,,human,Danny Van der beeck,2020-08-11T21:19:13Z,,,
fb662fab-d94e-490e-8b09-a617daab6383:147,bb7db1c9-b135-4e69-a4e0-e392f2d107eb,,animal,FALSE,44QYC,Mustela putorius,1,,adult,unknown,,,human,Danny Van der beeck,2020-08-11T21:19:13Z,,,
fb662fab-d94e-490e-8b09-a617daab6383:148,5b0ccf8a-4696-4814-8bb6-c96bb248bc3f,,animal,FALSE,44QYC,Mustela putorius,1,,adult,unknown,,,human,Danny Van der beeck,2020-08-11T21:19:13Z,,,
fb662fab-d94e-490e-8b09-a617daab6383:149,b2d9a8fd-26dd-4b8a-b1c2-72af24345678,,animal,FALSE,44QYC,Mustela putorius,1,,adult,unknown,,,human,Danny Van der beeck,2020-08-11T21:19:13Z,,,
fb662fab-d94e-490e-8b09-a617daab6383:150,85d6e8af-2a0f-4fdb-b97b-9748f4306bd2,,animal,FALSE,44QYC,Mustela putorius,1,,adult,unknown,,,human,Danny Van der beeck,2020-08-11T21:19:13Z,,,
fb662fab-d94e-490e-8b09-a617daab6383:151,44ea67af-a429-4b42-954e-8e4da73105ce,,animal,FALSE,44QYC,Mustela putorius,1,,adult,unknown,,,human,Danny Van der beeck,2020-08-11T21:19:13Z,,,
fb662fab-d94e-490e-8b09-a617daab6383:152,8e22f5a4-7655-45e4-ae15-a0ff93772ef5,,animal,FALSE,44QYC,Mustela putorius,1,,adult,unknown,,,human,Danny Van der beeck,2020-08-11T21:19:13Z,,,
477b2f9d-33b4-47e3-8f8e-91d8247e2c05:153,f011d0e6-bb8b-4d90-a8de-ac5f4aa0646d,,animal,FALSE,5BSG3,Vulpes vulpes,1,,adult,unknown,,,human,Danny Van der beeck,2020-08-11T21:19:36Z,,,
477b2f9d-33b4-47e3-8f8e-91d8247e2c05:154,b3374ef1-9b71-47a4-9c86-e56491b9d51e,,animal,FALSE,5BSG3,Vulpes vulpes,1,,adult,unknown,,,human,Danny Van der beeck,2020-08-11T21:19:36Z,,,
477b2f9d-33b4-47e3-8f8e-91d8247e2c05:155,1c601054-f435-4f12-bc32-a0d120b33f63,,animal,FALSE,5BSG3,Vulpes vulpes,1,,adult,unknown,,,human,Danny Van der beeck,2020-08-11T21:19:36Z,,,
477b2f9d-33b4-47e3-8f8e-91d8247e2c05:156,b43f1608-acb7-46f4-a601-706942323b13,,animal,FALSE,5BSG3,Vulpes vulpes,1,,adult,unknown,,,human,Danny Van der beeck,2020-08-11T21:19:36Z,,,
477b2f9d-33b4-47e3-8f8e-91d8247e2c05:157,81523d1f-f89f-4383-a805-ac5e1fdcefc7,,animal,FALSE,5BSG3,Vulpes vulpes,1,,adult,unknown,,,human,Danny Van der beeck,2020-08-11T21:19:36Z,,,
477b2f9d-33b4-47e3-8f8e-91d8247e2c05:158,f4a5ec0f-9376-49a3-b001-be4f4348b86d,,animal,FALSE,5BSG3,Vulpes vulpes,1,,adult,unknown,,,human,Danny Van der beeck,2020-08-11T21:19:36Z,,,
477b2f9d-33b4-47e3-8f8e-91d8247e2c05:159,5e8f4538-8f52-4cd5-84d0-db7e5b5ea192,,animal,FALSE,5BSG3,Vulpes vulpes,1,,adult,unknown,,,human,Danny Van der beeck,2020-08-11T21:19:36Z,,,
477b2f9d-33b4-47e3-8f8e-91d8247e2c05:160,ee7f52c4-d248-47bd-a2b0-2648f34c9b64,,animal,FALSE,5BSG3,Vulpes vulpes,1,,adult,unknown,,,human,Danny Van der beeck,2020-08-11T21:19:36Z,,,
477b2f9d-33b4-47e3-8f8e-91d8247e2c05:161,825e9af1-c160-4a75-864a-6ff014e05c6b,,animal,FALSE,5BSG3,Vulpes vulpes,1,,adult,unknown,,,human,Danny Van der beeck,2020-08-11T21:19:36Z,,,
477b2f9d-33b4-47e3-8f8e-91d8247e2c05:162,2e611f13-9519-4706-9843-49bbfec48c00,,animal,FALSE,5BSG3,Vulpes vulpes,1,,adult,unknown,,,human,Danny Van der beeck,2020-08-11T21:19:36Z,,,
dfdc4c48-3702-4650-aa02-3395257fb9b0:163,e9c1a382-40f4-4f28-9bc0-ad5b48ca8ed3,,animal,FALSE,3Y9VW,Martes foina,1,,adult,unknown,,,human,Danny Van der beeck,2020-08-11T21:20:06Z,,,
dfdc4c48-3702-4650-aa02-3395257fb9b0:164,3e0b2565-5aea-4128-b990-a1c42249a45b,,animal,FALSE,3Y9VW,Martes foina,1,,adult,unknown,,,human,Danny Van der beeck,2020-08-11T21:20:06Z,,,
dfdc4c48-3702-4650-aa02-3395257fb9b0:165,58501b0d-0c6f-47e3-9e4a-ed39f41cc213,,animal,FALSE,3Y9VW,Martes foina,1,,adult,unknown,,,human,Danny Van der beeck,2020-08-11T21:20:06Z,,,
dfdc4c48-3702-4650-aa02-3395257fb9b0:166,9bbdcb82-0c79-4fb3-8132-c7b9f6120bd0,,animal,FALSE,3Y9VW,Martes foina,1,,adult,unknown,,,human,Danny Van der beeck,2020-08-11T21:20:06Z,,,
dfdc4c48-3702-4650-aa02-3395257fb9b0:167,9a4c6e25-327d-481e-9060-c08b3848ed72,,animal,FALSE,3Y9VW,Martes foina,1,,adult,unknown,,,human,Danny Van der beeck,2020-08-11T21:20:06Z,,,
dfdc4c48-3702-4650-aa02-3395257fb9b0:168,eb72150b-fa00-4987-b1d2-557f8d66e6fc,,animal,FALSE,3Y9VW,Martes foina,1,,adult,unknown,,,human,Danny Van der beeck,2020-08-11T21:20:06Z,,,
dfdc4c48-3702-4650-aa02-3395257fb9b0:169,9d18218f-b4d1-4eb8-b9d2-b4b5adc265bd,,animal,FALSE,3Y9VW,Martes foina,1,,adult,unknown,,,human,Danny Van der beeck,2020-08-11T21:20:06Z,,,
dfdc4c48-3702-4650-aa02-3395257fb9b0:170,22d2744a-f87b-4ee7-8037-9815f6a96c5e,,animal,FALSE,3Y9VW,Martes foina,1,,adult,unknown,,,human,Danny Van der beeck,2020-08-11T21:20:06Z,,,
dfdc4c48-3702-4650-aa02-3395257fb9b0:171,b1035c2c-7e19-4369-b4f1-11b5dc281269,,animal,FALSE,3Y9VW,Martes foina,1,,adult,unknown,,,human,Danny Van der beeck,2020-08-11T21:20:06Z,,,
dfdc4c48-3702-4650-aa02-3395257fb9b0:172,5549cb29-d0a8-43c8-9e8f-34041658c907,,animal,FALSE,3Y9VW,Martes foina,1,,adult,unknown,,,human,Danny Van der beeck,2020-08-11T21:20:06Z,,,
ae1cab0f-e028-4320-91ce-ddb79d9806dd:173,b1d97da9-9008-4a5b-a6a8-55a3cdc52c89,,blank,FALSE,,,,,,,,,human,,,,,
9e191d10-544e-42ea-9935-b55df95a1dd3:174,66b353fe-41a1-45ed-9854-fb842a610a13,,animal,FALSE,44QYC,Mustela putorius,1,,adult,unknown,,,human,Danny Van der beeck,2020-08-11T21:20:40Z,,,
9e191d10-544e-42ea-9935-b55df95a1dd3:175,70e796b3-2ab2-4e9d-8e52-65f1031deb0e,,animal,FALSE,44QYC,Mustela putorius,1,,adult,unknown,,,human,Danny Van der beeck,2020-08-11T21:20:40Z,,,
9e191d10-544e-42ea-9935-b55df95a1dd3:176,920395a6-cfa6-4ec6-9eba-d0c3a0301b50,,animal,FALSE,44QYC,Mustela putorius,1,,adult,unknown,,,human,Danny Van der beeck,2020-08-11T21:20:40Z,,,
9e191d10-544e-42ea-9935-b55df95a1dd3:177,00459931-4c83-42fb-b73c-ef37fc95835b,,animal,FALSE,44QYC,Mustela putorius,1,,adult,unknown,,,human,Danny Van der beeck,2020-08-11T21:20:40Z,,,
9e191d10-544e-42ea-9935-b55df95a1dd3:178,19e4aad1-dc43-4c15-b708-8b64ea6c1ca3,,animal,FALSE,44QYC,Mustela putorius,1,,adult,unknown,,,human,Danny Van der beeck,2020-08-11T21:20:40Z,,,
9e191d10-544e-42ea-9935-b55df95a1dd3:179,98e3c269-18b7-4cbe-98e5-aade1934fed9,,animal,FALSE,44QYC,Mustela putorius,1,,adult,unknown,,,human,Danny Van der beeck,2020-08-11T21:20:40Z,,,
9e191d10-544e-42ea-9935-b55df95a1dd3:180,0369fc25-6f1a-4137-9ee2-d33abde96275,,animal,FALSE,44QYC,Mustela putorius,1,,adult,unknown,,,human,Danny Van der beeck,2020-08-11T21:20:40Z,,,
9e191d10-544e-42ea-9935-b55df95a1dd3:181,887f68b4-4c47-4847-9547-a767e534c45e,,animal,FALSE,44QYC,Mustela putorius,1,,adult,unknown,,,human,Danny Van der beeck,2020-08-11T21:20:40Z,,,
9e191d10-544e-42ea-9935-b55df95a1dd3:182,fd0b77ba-7695-4174-915d-0a7b7c217fe7,,animal,FALSE,44QYC,Mustela putorius,1,,adult,unknown,,,human,Danny Van der beeck,2020-08-11T21:20:40Z,,,
9e191d10-544e-42ea-9935-b55df95a1dd3:183,5ca80c6b-6993-4974-8374-fd688d915e28,,animal,FALSE,44QYC,Mustela putorius,1,,adult,unknown,,,human,Danny Van der beeck,2020-08-11T21:20:40Z,,,
a0431321-b705-4598-9f89-47328fc437a9:184,fb58a2b9-dc35-4297-a194-a340b082c8e8,,animal,FALSE,GCHS,Ardea cinerea,1,,,,,,human,Axel Neukermans,2021-05-31T08:27:06Z,,,
a0431321-b705-4598-9f89-47328fc437a9:185,0bb2566e-a1b8-48d8-9c5b-3dbec3a7f832,,animal,FALSE,GCHS,Ardea cinerea,1,,,,,,human,Axel Neukermans,2021-05-31T08:27:06Z,,,
a0431321-b705-4598-9f89-47328fc437a9:186,a6a7a04c-9eb8-46dd-b1a2-fa3f1eb9def5,,animal,FALSE,GCHS,Ardea cinerea,1,,,,,,human,Axel Neukermans,2021-05-31T08:27:06Z,,,
a0431321-b705-4598-9f89-47328fc437a9:187,f47b05e6-bbfb-4844-bd2d-004104cb7c08,,animal,FALSE,GCHS,Ardea cinerea,1,,,,,,human,Axel Neukermans,2021-05-31T08:27:06Z,,,
a0431321-b705-4598-9f89-47328fc437a9:188,8c541e7b-c1ce-4fa7-b6e2-6167ee336471,,animal,FALSE,GCHS,Ardea cinerea,1,,,,,,human,Axel Neukermans,2021-05-31T08:27:06Z,,,
a0431321-b705-4598-9f89-47328fc437a9:189,e6c2cb72-2b65-4384-a428-e066ab5b0520,,animal,FALSE,GCHS,Ardea cinerea,1,,,,,,human,Axel Neukermans,2021-05-31T08:27:06Z,,,
a0431321-b705-4598-9f89-47328fc437a9:190,3945bb1f-5dd1-4df0-97a0-e7e1823a1531,,animal,FALSE,GCHS,Ardea cinerea,1,,,,,,human,Axel Neukermans,2021-05-31T08:27:06Z,,,
a0431321-b705-4598-9f89-47328fc437a9:191,ad62d7b9-2c4e-4527-be9a-725ca5295bb2,,animal,FALSE,GCHS,Ardea cinerea,1,,,,,,human,Axel Neukermans,2021-05-31T08:27:06Z,,,
a0431321-b705-4598-9f89-47328fc437a9:192,7b95c483-b427-4b32-96ab-eb478730e9b0,,animal,FALSE,GCHS,Ardea cinerea,1,,,,,,human,Axel Neukermans,2021-05-31T08:27:06Z,,,
a0431321-b705-4598-9f89-47328fc437a9:193,f24826a2-dafa-408b-aa46-6629e847ff65,,animal,FALSE,GCHS,Ardea cinerea,1,,,,,,human,Axel Neukermans,2021-05-31T08:27:06Z,,,
e5690234-0644-42cd-be96-dcc69939c68d:seq:194,6adcb0d3-daa3-4d24-8c1a-d870d1e8aed1,,unclassified,FALSE,,,,,,,,,,,,,,
e5690234-0644-42cd-be96-dcc69939c68d:seq:195,6cfb86c2-fd44-4477-a5dd-88ed796fc4bd,,unclassified,FALSE,,,,,,,,,,,,,,
e5690234-0644-42cd-be96-dcc69939c68d:seq:196,8bfed477-5656-499c-8ba2-7708d739df94,,unclassified,FALSE,,,,,,,,,,,,,,
e5690234-0644-42cd-be96-dcc69939c68d:seq:197,ea08135b-7367-486d-848d-2e827fb5040a,,unclassified,FALSE,,,,,,,,,,,,,,
e5690234-0644-42cd-be96-dcc69939c68d:seq:198,32e60a80-1ae5-4b23-99b3-053e562d8d1b,,unclassified,FALSE,,,,,,,,,,,,,,
e5690234-0644-42cd-be96-dcc69939c68d:seq:199,c06b89ab-58bd-4bba-9d71-760228ce49f3,,unclassified,FALSE,,,,,,,,,,,,,,
e5690234-0644-42cd-be96-dcc69939c68d:seq:200,dbcdbe76-0ec8-457a-8512-07cc1a6d0f79,,unclassified,FALSE,,,,,,,,,,,,,,
e5690234-0644-42cd-be96-dcc69939c68d:seq:201,4505f794-4d90-4abb-a741-455d49f27fe5,,unclassified,FALSE,,,,,,,,,,,,,,
e5690234-0644-42cd-be96-dcc69939c68d:seq:202,77168866-2a9a-457b-a983-34e8086015e9,,unclassified,FALSE,,,,,,,,,,,,,,
e5690234-0644-42cd-be96-dcc69939c68d:seq:203,8076df58-bec8-45e4-b4b5-8550ffc05aae,,unclassified,FALSE,,,,,,,,,,,,,,
cb30a896-50c2-473e-9985-0c0c5b468bd0:204,0e98b93e-6240-490e-b4db-31ea7b643953,,animal,FALSE,32FH,Ardea,1,,unknown,unknown,,,machine,Western Europe species model v1,2021-07-05T11:43:57Z,0.9,,
cb30a896-50c2-473e-9985-0c0c5b468bd0:205,be8fe0df-5551-44f3-b114-a8d8a5c3fc11,,animal,FALSE,32FH,Ardea,1,,unknown,unknown,,,machine,Western Europe species model v1,2021-07-05T11:43:57Z,0.9,,
cb30a896-50c2-473e-9985-0c0c5b468bd0:206,13b58ff5-7ed9-46d2-b3f8-e698600e931e,,animal,FALSE,32FH,Ardea,1,,unknown,unknown,,,machine,Western Europe species model v1,2021-07-05T11:43:57Z,0.9,,
cb30a896-50c2-473e-9985-0c0c5b468bd0:207,d8427514-a4cd-4787-8728-da4433ccc571,,animal,FALSE,32FH,Ardea,1,,unknown,unknown,,,machine,Western Europe species model v1,2021-07-05T11:43:57Z,0.9,,
cb30a896-50c2-473e-9985-0c0c5b468bd0:208,2e2ae3f0-9b98-4637-9e4d-bbdf8eee920c,,animal,FALSE,32FH,Ardea,1,,unknown,unknown,,,machine,Western Europe species model v1,2021-07-05T11:43:57Z,0.9,,
cb30a896-50c2-473e-9985-0c0c5b468bd0:209,a552145d-9949-4355-9523-02198a523437,,animal,FALSE,32FH,Ardea,1,,unknown,unknown,,,machine,Western Europe species model v1,2021-07-05T11:43:57Z,0.9,,
cb30a896-50c2-473e-9985-0c0c5b468bd0:210,1bd866b3-5c99-42c8-b4a0-75a547fd8760,,animal,FALSE,32FH,Ardea,1,,unknown,unknown,,,machine,Western Europe species model v1,2021-07-05T11:43:57Z,0.9,,
cb30a896-50c2-473e-9985-0c0c5b468bd0:211,bf610120-bc41-4c87-95ac-8c8849d203ce,,animal,FALSE,32FH,Ardea,1,,unknown,unknown,,,machine,Western Europe species model v1,2021-07-05T11:43:57Z,0.9,,
cb30a896-50c2-473e-9985-0c0c5b468bd0:212,abcc45d4-4314-449f-8dca-1732e134dfac,,animal,FALSE,32FH,Ardea,1,,unknown,unknown,,,machine,Western Europe species model v1,2021-07-05T11:43:57Z,0.9,,
cb30a896-50c2-473e-9985-0c0c5b468bd0:213,1065da4b-2f09-48e8-9819-48fa045014a7,,animal,FALSE,32FH,Ardea,1,,unknown,unknown,,,machine,Western Europe species model v1,2021-07-05T11:43:57Z,0.9,,
bb027d7e-5801-4e70-950f-1f1972046962:214,7ab33b3a-158b-42c5-a7e8-444eb5760524,,animal,FALSE,32FH,Ardea,1,,unknown,unknown,,,machine,Western Europe species model v1,2021-07-05T11:44:12Z,0.89,,
bb027d7e-5801-4e70-950f-1f1972046962:215,d9ef08ec-a823-4c65-8e01-47f681239d6e,,animal,FALSE,32FH,Ardea,1,,unknown,unknown,,,machine,Western Europe species model v1,2021-07-05T11:44:12Z,0.89,,
bb027d7e-5801-4e70-950f-1f1972046962:216,aebe5b85-8210-4217-8b2b-eefcd74be761,,animal,FALSE,32FH,Ardea,1,,unknown,unknown,,,machine,Western Europe species model v1,2021-07-05T11:44:12Z,0.89,,
bb027d7e-5801-4e70-950f-1f1972046962:217,e638613e-7970-4c5c-ba10-cd5cf8becd76,,animal,FALSE,32FH,Ardea,1,,unknown,unknown,,,machine,Western Europe species model v1,2021-07-05T11:44:12Z,0.89,,
bb027d7e-5801-4e70-950f-1f1972046962:218,c40a4854-da90-43ab-82b5-3a3b1ac59c90,,animal,FALSE,32FH,Ardea,1,,unknown,unknown,,,machine,Western Europe species model v1,2021-07-05T11:44:12Z,0.89,,
bb027d7e-5801-4e70-950f-1f1972046962:219,fd2f32cc-1c0e-4d0a-9481-327f1cdf11fa,,animal,FALSE,32FH,Ardea,1,,unknown,unknown,,,machine,Western Europe species model v1,2021-07-05T11:44:12Z,0.89,,
bb027d7e-5801-4e70-950f-1f1972046962:220,b6a04f58-9c4c-4a8d-9cc1-587609666e75,,animal,FALSE,32FH,Ardea,1,,unknown,unknown,,,machine,Western Europe species model v1,2021-07-05T11:44:12Z,0.89,,
bb027d7e-5801-4e70-950f-1f1972046962:221,9c58aea8-7719-49e4-93e5-a3c350638ad8,,animal,FALSE,32FH,Ardea,1,,unknown,unknown,,,machine,Western Europe species model v1,2021-07-05T11:44:12Z,0.89,,
bb027d7e-5801-4e70-950f-1f1972046962:222,ad03acb4-b8eb-4296-b0b8-e2c70e05fb96,,animal,FALSE,32FH,Ardea,1,,unknown,unknown,,,machine,Western Europe species model v1,2021-07-05T11:44:12Z,0.89,,
bb027d7e-5801-4e70-950f-1f1972046962:223,3b185b03-f500-4359-9eab-a49911801632,,animal,FALSE,32FH,Ardea,1,,unknown,unknown,,,machine,Western Europe species model v1,2021-07-05T11:44:12Z,0.89,,
962dff14-1233-4ed1-ac89-7baf54bc19e7:seq:224,bfadfe88-7495-4a32-bb73-3461a729bfd3,,unclassified,FALSE,,,,,,,,,,,,,,
962dff14-1233-4ed1-ac89-7baf54bc19e7:seq:225,275deb54-9e6d-4298-b1d4-cf2042bb59bf,,unclassified,FALSE,,,,,,,,,,,,,,
962dff14-1233-4ed1-ac89-7baf54bc19e7:seq:226,570ecf96-a781-46b6-a6d4-b1ec9b066d9a,,unclassified,FALSE,,,,,,,,,,,,,,
962dff14-1233-4ed1-ac89-7baf54bc19e7:seq:227,ce438e1e-1eb0-4c35-bb0a-7670b3fae086,,unclassified,FALSE,,,,,,,,,,,,,,
962dff14-1233-4ed1-ac89-7baf54bc19e7:seq:228,c4717648-bc0c-4e32-942c-db71e7bc94a0,,unclassified,FALSE,,,,,,,,,,,,,,
962dff14-1233-4ed1-ac89-7baf54bc19e7:seq:229,c9d208de-fa16-485a-950f-7d18ae6e45dd,,unclassified,FALSE,,,,,,,,,,,,,,
962dff14-1233-4ed1-ac89-7baf54bc19e7:seq:230,b15c8801-41a5-4667-9bb6-2a8dccf786a1,,unclassified,FALSE,,,,,,,,,,,,,,
962dff14-1233-4ed1-ac89-7baf54bc19e7:seq:231,c1232e57-193d-4a70-99e9-b4623a1ec6e2,,unclassified,FALSE,,,,,,,,,,,,,,
962dff14-1233-4ed1-ac89-7baf54bc19e7:seq:232,318ff953-68fc-4b20-afa1-407226fa7284,,unclassified,FALSE,,,,,,,,,,,,,,
962dff14-1233-4ed1-ac89-7baf54bc19e7:seq:233,aae72fb7-1f97-429f-ab50-9f2c1ce881ea,,unclassified,FALSE,,,,,,,,,,,,,,
962dff14-1233-4ed1-ac89-7baf54bc19e7:seq:234,74191045-23a4-4a67-979f-152b105f3b8d,,unclassified,FALSE,,,,,,,,,,,,,,
962dff14-1233-4ed1-ac89-7baf54bc19e7:seq:235,ca438b6e-4a8a-4562-96cb-78441aeff62a,,unclassified,FALSE,,,,,,,,,,,,,,
962dff14-1233-4ed1-ac89-7baf54bc19e7:seq:236,6553c759-be10-429d-8350-3e3fc8eb68f2,,unclassified,FALSE,,,,,,,,,,,,,,
962dff14-1233-4ed1-ac89-7baf54bc19e7:seq:237,3cdc7150-02f9-429b-9e3f-b1fa65f9637f,,unclassified,FALSE,,,,,,,,,,,,,,
962dff14-1233-4ed1-ac89-7baf54bc19e7:seq:238,6aa70e67-03ac-42ee-b379-5be9a21d68b1,,unclassified,FALSE,,,,,,,,,,,,,,
962dff14-1233-4ed1-ac89-7baf54bc19e7:seq:239,040c2aee-b669-475f-ab19-8b2049484b02,,unclassified,FALSE,,,,,,,,,,,,,,
962dff14-1233-4ed1-ac89-7baf54bc19e7:seq:240,eb6d85bb-c17a-481e-be5c-554ce31c7713,,unclassified,FALSE,,,,,,,,,,,,,,
962dff14-1233-4ed1-ac89-7baf54bc19e7:seq:241,f77f9bf2-b7b1-4d0a-a4f9-dbf6dbe5fbb1,,unclassified,FALSE,,,,,,,,,,,,,,
962dff14-1233-4ed1-ac89-7baf54bc19e7:seq:242,813bafb2-befe-45fa-b0e3-080f1f019a70,,unclassified,FALSE,,,,,,,,,,,,,,
962dff14-1233-4ed1-ac89-7baf54bc19e7:seq:243,d8dcff7f-4b50-4ba7-a279-31194a7031b0,,unclassified,FALSE,,,,,,,,,,,,,,
a920d76c-4e93-497b-b14b-e1322641784e:244,3a9dbd34-3ab6-4d28-932d-030631d4c34b,,unclassified,TRUE,,,,,,,,,human,,,,,
a920d76c-4e93-497b-b14b-e1322641784e:245,5a9a4c1c-45a3-4571-9d6e-610891150472,,unclassified,TRUE,,,,,,,,,human,,,,,
a920d76c-4e93-497b-b14b-e1322641784e:246,f6b0298f-bf4e-48ae-8070-7a05ce157b37,,unclassified,TRUE,,,,,,,,,human,,,,,
a920d76c-4e93-497b-b14b-e1322641784e:247,d89300ee-1312-414c-8e73-61b822bd0b99,,unclassified,TRUE,,,,,,,,,human,,,,,
a920d76c-4e93-497b-b14b-e1322641784e:248,ba639be9-e0df-4e59-a194-664c748efec6,,unclassified,TRUE,,,,,,,,,human,,,,,
a920d76c-4e93-497b-b14b-e1322641784e:249,762bc87c-eb22-47fb-9f39-94edb3f01e5b,,unclassified,TRUE,,,,,,,,,human,,,,,
a920d76c-4e93-497b-b14b-e1322641784e:250,d12c6410-d555-4fed-b913-35e89ae2f7a5,,unclassified,TRUE,,,,,,,,,human,,,,,
a920d76c-4e93-497b-b14b-e1322641784e:251,d6eebb30-3cbe-4a0a-993d-d6dd803801de,,unclassified,TRUE,,,,,,,,,human,,,,,
a920d76c-4e93-497b-b14b-e1322641784e:252,c3ed15c0-3f9c-4b7b-8ae9-84bde96f52b6,,unclassified,TRUE,,,,,,,,,human,,,,,
a920d76c-4e93-497b-b14b-e1322641784e:253,e111fead-9dbb-43ca-b5a5-bd49c66ce756,,unclassified,TRUE,,,,,,,,,human,,,,,
a920d76c-4e93-497b-b14b-e1322641784e:254,7630dc45-519b-4146-8924-7ff7b3e73eef,,unclassified,TRUE,,,,,,,,,human,,,,,
a920d76c-4e93-497b-b14b-e1322641784e:255,f8956041-a089-4452-9671-ed8c7b0cf9f7,,unclassified,TRUE,,,,,,,,,human,,,,,
a920d76c-4e93-497b-b14b-e1322641784e:256,1fbe9851-f8b1-4797-8f63-44f24107d19c,,unclassified,TRUE,,,,,,,,,human,,,,,
a920d76c-4e93-497b-b14b-e1322641784e:257,da0b859b-9e24-4b06-8b20-94dab6a58892,,unclassified,TRUE,,,,,,,,,human,,,,,
a920d76c-4e93-497b-b14b-e1322641784e:258,db46d9e9-4734-4778-a123-9ce457968555,,unclassified,TRUE,,,,,,,,,human,,,,,
a920d76c-4e93-497b-b14b-e1322641784e:259,ff8fd49f-3b64-4221-836b-c8bc006ce5bf,,unclassified,TRUE,,,,,,,,,human,,,,,
a920d76c-4e93-497b-b14b-e1322641784e:260,dea091b8-ec32-4c46-ac79-dab3d5517a94,,unclassified,TRUE,,,,,,,,,human,,,,,
a920d76c-4e93-497b-b14b-e1322641784e:261,1c0cb517-066c-440a-a1d2-07cd1802bc51,,unclassified,TRUE,,,,,,,,,human,,,,,
a920d76c-4e93-497b-b14b-e1322641784e:262,0dd4cddd-49da-4b4c-aaf1-0e017ff46c20,,unclassified,TRUE,,,,,,,,,human,,,,,
a920d76c-4e93-497b-b14b-e1322641784e:263,c6ddc657-d3b5-4ae9-8744-0ec8d57322f2,,unclassified,TRUE,,,,,,,,,human,,,,,
c072cd03-0af5-429b-8d84-b7709d61a6c6:264,6c13b2a6-762e-4f4b-b13a-c2e6df073984,,human,FALSE,6MB3T,Homo sapiens,2,,adult,male,,,human,Brecht Neukermans,2019-10-24T09:06:22Z,,Rattenvangers,
c072cd03-0af5-429b-8d84-b7709d61a6c6:265,fe32c641-ad1f-46d1-b678-82930b3e3382,,human,FALSE,6MB3T,Homo sapiens,2,,adult,male,,,human,Brecht Neukermans,2019-10-24T09:06:22Z,,Rattenvangers,
c072cd03-0af5-429b-8d84-b7709d61a6c6:266,622a4c26-6394-4c5a-9c4a-127ed06e46fa,,human,FALSE,6MB3T,Homo sapiens,2,,adult,male,,,human,Brecht Neukermans,2019-10-24T09:06:22Z,,Rattenvangers,
c072cd03-0af5-429b-8d84-b7709d61a6c6:267,e3f06629-f7b5-4deb-a9d3-6c1e490feddd,,human,FALSE,6MB3T,Homo sapiens,2,,adult,male,,,human,Brecht Neukermans,2019-10-24T09:06:22Z,,Rattenvangers,
c072cd03-0af5-429b-8d84-b7709d61a6c6:268,1d5530c7-fa71-4e8d-bc2e-11901ecdca4e,,human,FALSE,6MB3T,Homo sapiens,2,,adult,male,,,human,Brecht Neukermans,2019-10-24T09:06:22Z,,Rattenvangers,
c072cd03-0af5-429b-8d84-b7709d61a6c6:269,c41d8ddf-a012-4bd3-8b82-2385f0fbea3f,,human,FALSE,6MB3T,Homo sapiens,2,,adult,male,,,human,Brecht Neukermans,2019-10-24T09:06:22Z,,Rattenvangers,
c072cd03-0af5-429b-8d84-b7709d61a6c6:270,95280afd-92d6-4cff-b826-402a2b18867a,,human,FALSE,6MB3T,Homo sapiens,2,,adult,male,,,human,Brecht Neukermans,2019-10-24T09:06:22Z,,Rattenvangers,
c072cd03-0af5-429b-8d84-b7709d61a6c6:271,c925aed7-e22c-4e85-beee-0cfa226629c1,,human,FALSE,6MB3T,Homo sapiens,2,,adult,male,,,human,Brecht Neukermans,2019-10-24T09:06:22Z,,Rattenvangers,
c072cd03-0af5-429b-8d84-b7709d61a6c6:272,2155656b-f051-4a3e-9623-e8a79b5f35bb,,human,FALSE,6MB3T,Homo sapiens,2,,adult,male,,,human,Brecht Neukermans,2019-10-24T09:06:22Z,,Rattenvangers,
c072cd03-0af5-429b-8d84-b7709d61a6c6:273,798d478d-e308-4a08-b81e-d150b73e31cb,,human,FALSE,6MB3T,Homo sapiens,2,,adult,male,,,human,Brecht Neukermans,2019-10-24T09:06:22Z,,Rattenvangers,
f06a8237-cdb0-4d3d-80ce-b35d52a4d7c6:274,c3a9c48c-e75e-435b-bd96-6eedca41fe29,,unclassified,TRUE,,,,,,,,,human,,,,,
f06a8237-cdb0-4d3d-80ce-b35d52a4d7c6:275,0a067c65-2775-424c-a42d-048ce7eba1d0,,unclassified,TRUE,,,,,,,,,human,,,,,
f06a8237-cdb0-4d3d-80ce-b35d52a4d7c6:276,cfb1f8fb-50b3-42da-bb6b-acdd58bdbc04,,unclassified,TRUE,,,,,,,,,human,,,,,
f06a8237-cdb0-4d3d-80ce-b35d52a4d7c6:277,a149a011-d835-4ed3-b53b-67ba32d4d3e0,,unclassified,TRUE,,,,,,,,,human,,,,,
f06a8237-cdb0-4d3d-80ce-b35d52a4d7c6:278,c0d31841-a5f9-46a1-ae51-d79a899ecf06,,unclassified,TRUE,,,,,,,,,human,,,,,
f06a8237-cdb0-4d3d-80ce-b35d52a4d7c6:279,ec7acca2-8003-4f89-8ab6-10bff126bd11,,unclassified,TRUE,,,,,,,,,human,,,,,
f06a8237-cdb0-4d3d-80ce-b35d52a4d7c6:280,cb624dc8-941a-4940-9bb5-ad91dce99307,,unclassified,TRUE,,,,,,,,,human,,,,,
f06a8237-cdb0-4d3d-80ce-b35d52a4d7c6:281,dce1d7ca-1726-4d11-9713-4c60805f2925,,unclassified,TRUE,,,,,,,,,human,,,,,
f06a8237-cdb0-4d3d-80ce-b35d52a4d7c6:282,c35a25cb-cc19-41cb-acdb-0f6270fb0e2a,,unclassified,TRUE,,,,,,,,,human,,,,,
f06a8237-cdb0-4d3d-80ce-b35d52a4d7c6:283,4e9442e2-2573-4a65-bcde-811440b0b153,,unclassified,TRUE,,,,,,,,,human,,,,,
